<?xml version="1.0" encoding="UTF-8"?>
<metadata xml:lang="zh"><Esri><CreaDate>20160418</CreaDate><CreaTime>15484800</CreaTime><ArcGISFormat>1.0</ArcGISFormat><ArcGISstyle>XTools Pro Metadata</ArcGISstyle><SyncOnce>TRUE</SyncOnce><DataProperties><itemProps><itemLocation><linkage Sync="TRUE">file://\\MARTIN-PC\C$\PhD work\social network\Graph Drawing\Radial Layout\RadialTree\alhambra\cenPt</linkage><protocol Sync="TRUE">Local Area Network</protocol></itemLocation></itemProps><copyHistory><copy source="C:\PhD work\social network\Graph Drawing\Radial Layout\RadialTree\test\cenPt" dest="\\MARTIN-PC\C$\PhD work\social network\Graph Drawing\Radial Layout\RadialTree\alhambra\cenPt" date="20160418" time="15484800"></copy></copyHistory></DataProperties></Esri></metadata>
