<?xml version="1.0" encoding="UTF-8"?>
<metadata xml:lang="zh"><Esri><CreaDate>20160825</CreaDate><CreaTime>18292500</CreaTime><ArcGISFormat>1.0</ArcGISFormat><SyncOnce>FALSE</SyncOnce><DataProperties><lineage><Process ToolSource="c:\program files (x86)\arcgis\desktop10.2\ArcToolbox\Toolboxes\Analysis Tools.tbx\CreateThiessenPolygons" Date="20160426" Time="125516">CreateThiessenPolygons NC_Centroid E:\HIG\BeijingOSMHierarchy\BeijingThiessenPRMix2\ThiessenPR1.shp ONLY_FID</Process><Process ToolSource="c:\program files (x86)\arcgis\desktop10.2\ArcToolbox\Toolboxes\Analysis Tools.tbx\Clip" Date="20160426" Time="125552">Clip ThiessenPR1 BeijingBoundary E:\HIG\BeijingOSMHierarchy\BeijingThiessenPRMix2\ThiessenPR1Clip.shp #</Process><Process ToolSource="C:\Program Files (x86)\ArcGIS\Desktop10.0\ArcToolbox\Toolboxes\Data Management Tools.tbx\CalculateField" Date="20160427" Time="134527">CalculateField ThiessenPR1Clip level 4 VB #</Process><Process ToolSource="C:\Program Files (x86)\ArcGIS\Desktop10.0\ArcToolbox\Toolboxes\Data Management Tools.tbx\Merge" Date="20160427" Time="134553">Merge 'C:\phd work\social network\Graph drawing\Radial layout\China\BeijingOSMHierarchy4\BeijingThiessenPRMix2\ThiessenPR1Clip.shp';'C:\phd work\social network\Graph drawing\Radial layout\China\BeijingOSMHierarchy4\BeijingThiessenPRMix2\ThiessenPR2Clip.shp';'C:\phd work\social network\Graph drawing\Radial layout\China\BeijingOSMHierarchy4\BeijingThiessenPRMix2\ThiessenPR3Clip.shp';'C:\phd work\social network\Graph drawing\Radial layout\China\BeijingOSMHierarchy4\BeijingThiessenPRMix2\ThiessenPR4Clip.shp';'C:\phd work\social network\Graph drawing\Radial layout\China\BeijingOSMHierarchy4\BeijingThiessenPRMix2\ThiessenPR5Clip.shp' "C:\phd work\social network\Graph drawing\Radial layout\China\BeijingOSMHierarchy4\BeijingThiessenPRMix2\ThiessenMerge4.shp" "Id "Id" true true false 6 Long 0 6 ,First,#,C:\phd work\social network\Graph drawing\Radial layout\China\BeijingOSMHierarchy4\BeijingThiessenPRMix2\ThiessenPR1Clip.shp,Id,-1,-1,C:\phd work\social network\Graph drawing\Radial layout\China\BeijingOSMHierarchy4\BeijingThiessenPRMix2\ThiessenPR2Clip.shp,Id,-1,-1,C:\phd work\social network\Graph drawing\Radial layout\China\BeijingOSMHierarchy4\BeijingThiessenPRMix2\ThiessenPR3Clip.shp,Id,-1,-1,C:\phd work\social network\Graph drawing\Radial layout\China\BeijingOSMHierarchy4\BeijingThiessenPRMix2\ThiessenPR4Clip.shp,Id,-1,-1,C:\phd work\social network\Graph drawing\Radial layout\China\BeijingOSMHierarchy4\BeijingThiessenPRMix2\ThiessenPR5Clip.shp,Id,-1,-1;Input_FID "Input_FID" true true false 9 Long 0 9 ,First,#,C:\phd work\social network\Graph drawing\Radial layout\China\BeijingOSMHierarchy4\BeijingThiessenPRMix2\ThiessenPR1Clip.shp,Input_FID,-1,-1,C:\phd work\social network\Graph drawing\Radial layout\China\BeijingOSMHierarchy4\BeijingThiessenPRMix2\ThiessenPR2Clip.shp,Input_FID,-1,-1,C:\phd work\social network\Graph drawing\Radial layout\China\BeijingOSMHierarchy4\BeijingThiessenPRMix2\ThiessenPR3Clip.shp,Input_FID,-1,-1,C:\phd work\social network\Graph drawing\Radial layout\China\BeijingOSMHierarchy4\BeijingThiessenPRMix2\ThiessenPR4Clip.shp,Input_FID,-1,-1,C:\phd work\social network\Graph drawing\Radial layout\China\BeijingOSMHierarchy4\BeijingThiessenPRMix2\ThiessenPR5Clip.shp,Input_FID,-1,-1;PRMix2 "PRMix2" true true false 19 Double 0 0 ,First,#,C:\phd work\social network\Graph drawing\Radial layout\China\BeijingOSMHierarchy4\BeijingThiessenPRMix2\ThiessenPR1Clip.shp,PRMix2,-1,-1,C:\phd work\social network\Graph drawing\Radial layout\China\BeijingOSMHierarchy4\BeijingThiessenPRMix2\ThiessenPR2Clip.shp,PRMix2,-1,-1,C:\phd work\social network\Graph drawing\Radial layout\China\BeijingOSMHierarchy4\BeijingThiessenPRMix2\ThiessenPR3Clip.shp,PRMix2,-1,-1,C:\phd work\social network\Graph drawing\Radial layout\China\BeijingOSMHierarchy4\BeijingThiessenPRMix2\ThiessenPR4Clip.shp,PRMix2,-1,-1,C:\phd work\social network\Graph drawing\Radial layout\China\BeijingOSMHierarchy4\BeijingThiessenPRMix2\ThiessenPR5Clip.shp,PRMix2,-1,-1;level "level" true true false 4 Short 0 4 ,First,#,C:\phd work\social network\Graph drawing\Radial layout\China\BeijingOSMHierarchy4\BeijingThiessenPRMix2\ThiessenPR1Clip.shp,level,-1,-1,C:\phd work\social network\Graph drawing\Radial layout\China\BeijingOSMHierarchy4\BeijingThiessenPRMix2\ThiessenPR2Clip.shp,level,-1,-1,C:\phd work\social network\Graph drawing\Radial layout\China\BeijingOSMHierarchy4\BeijingThiessenPRMix2\ThiessenPR3Clip.shp,level,-1,-1,C:\phd work\social network\Graph drawing\Radial layout\China\BeijingOSMHierarchy4\BeijingThiessenPRMix2\ThiessenPR4Clip.shp,level,-1,-1,C:\phd work\social network\Graph drawing\Radial layout\China\BeijingOSMHierarchy4\BeijingThiessenPRMix2\ThiessenPR5Clip.shp,level,-1,-1"</Process><Process ToolSource="c:\program files (x86)\arcgis\desktop10.0\ArcToolbox\Toolboxes\Data Management Tools.tbx\FeatureToPoint" Date="20160825" Time="183019">FeatureToPoint ThiessenMerge5 "C:\PhD work\social network\Graph Drawing\Radial Layout\RadialTree\Beijing2\data\centerPoint5.shp" INSIDE</Process></lineage><itemProps><itemName Sync="TRUE">centerPoint5</itemName><imsContentType Sync="TRUE">002</imsContentType><itemSize Sync="TRUE">0.000</itemSize><itemLocation><linkage Sync="TRUE">file://\\MARTIN-PC\C$\PhD work\social network\Graph Drawing\Radial Layout\RadialTree\Beijing2\data\centerPoint5.shp</linkage><protocol Sync="TRUE">Local Area Network</protocol></itemLocation></itemProps><coordRef><type Sync="TRUE">Projected</type><geogcsn Sync="TRUE">GCS_WGS_1984</geogcsn><csUnits Sync="TRUE">Linear Unit: Meter (1.000000)</csUnits><projcsn Sync="TRUE">Beijing54_Albers_Equal_Area_Conic</projcsn><peXml Sync="TRUE">&lt;ProjectedCoordinateSystem xsi:type='typens:ProjectedCoordinateSystem' xmlns:xsi='http://www.w3.org/2001/XMLSchema-instance' xmlns:xs='http://www.w3.org/2001/XMLSchema' xmlns:typens='http://www.esri.com/schemas/ArcGIS/10.0'&gt;&lt;WKT&gt;PROJCS[&amp;quot;Beijing54_Albers_Equal_Area_Conic&amp;quot;,GEOGCS[&amp;quot;GCS_WGS_1984&amp;quot;,DATUM[&amp;quot;D_WGS_1984&amp;quot;,SPHEROID[&amp;quot;WGS_1984&amp;quot;,6378137.0,298.257223563]],PRIMEM[&amp;quot;Greenwich&amp;quot;,0.0],UNIT[&amp;quot;Degree&amp;quot;,0.0174532925199433]],PROJECTION[&amp;quot;Albers&amp;quot;],PARAMETER[&amp;quot;False_Easting&amp;quot;,0.0],PARAMETER[&amp;quot;False_Northing&amp;quot;,0.0],PARAMETER[&amp;quot;Central_Meridian&amp;quot;,105.0],PARAMETER[&amp;quot;Standard_Parallel_1&amp;quot;,25.0],PARAMETER[&amp;quot;Standard_Parallel_2&amp;quot;,47.0],PARAMETER[&amp;quot;Latitude_Of_Origin&amp;quot;,0.0],UNIT[&amp;quot;Meter&amp;quot;,1.0]]&lt;/WKT&gt;&lt;XOrigin&gt;-17330600&lt;/XOrigin&gt;&lt;YOrigin&gt;-4694200&lt;/YOrigin&gt;&lt;XYScale&gt;259864033.98442611&lt;/XYScale&gt;&lt;ZOrigin&gt;-100000&lt;/ZOrigin&gt;&lt;ZScale&gt;10000&lt;/ZScale&gt;&lt;MOrigin&gt;-100000&lt;/MOrigin&gt;&lt;MScale&gt;10000&lt;/MScale&gt;&lt;XYTolerance&gt;0.001&lt;/XYTolerance&gt;&lt;ZTolerance&gt;0.001&lt;/ZTolerance&gt;&lt;MTolerance&gt;0.001&lt;/MTolerance&gt;&lt;HighPrecision&gt;true&lt;/HighPrecision&gt;&lt;/ProjectedCoordinateSystem&gt;</peXml></coordRef></DataProperties><SyncDate>20160825</SyncDate><SyncTime>18301900</SyncTime><ModDate>20160825</ModDate><ModTime>18301900</ModTime><ArcGISstyle>XTools Pro Metadata</ArcGISstyle></Esri><dataIdInfo><envirDesc Sync="TRUE">Microsoft Windows 7 Version 6.1 (Build 7601) Service Pack 1; ESRI ArcGIS 10.0.3.3600</envirDesc><dataLang><languageCode value="zho" Sync="TRUE" country="USA"></languageCode><countryCode value="CHN" Sync="TRUE"></countryCode></dataLang><idCitation><resTitle Sync="TRUE">centerPoint5</resTitle><presForm><PresFormCd value="005" Sync="TRUE"></PresFormCd></presForm></idCitation><spatRpType><SpatRepTypCd value="001" Sync="TRUE"></SpatRepTypCd></spatRpType><descKeys><thesaName uuidref="723f6998-058e-11dc-8314-0800200c9a66"></thesaName><keyword Sync="TRUE">002</keyword></descKeys></dataIdInfo><mdLang><languageCode value="zho" Sync="TRUE"></languageCode><countryCode value="CHN" Sync="TRUE"></countryCode></mdLang><mdChar><CharSetCd value="004" Sync="TRUE"></CharSetCd></mdChar><distInfo><distFormat><formatName Sync="TRUE">Shapefile</formatName></distFormat><distTranOps><transSize Sync="TRUE">0.000</transSize></distTranOps></distInfo><mdHrLv><ScopeCd value="005" Sync="TRUE"></ScopeCd></mdHrLv><mdHrLvName Sync="TRUE">dataset</mdHrLvName><refSysInfo><RefSystem><refSysID><identCode code="0" Sync="TRUE" value="0"></identCode></refSysID></RefSystem></refSysInfo><spatRepInfo><VectSpatRep><geometObjs Name="centerPoint5"><geoObjTyp><GeoObjTypCd value="004" Sync="TRUE"></GeoObjTypCd></geoObjTyp><geoObjCnt Sync="TRUE">0</geoObjCnt></geometObjs><topLvl><TopoLevCd value="001" Sync="TRUE"></TopoLevCd></topLvl></VectSpatRep></spatRepInfo><spdoinfo><ptvctinf><esriterm><efeatyp Sync="TRUE">Simple</efeatyp><efeageom code="1" Sync="TRUE"></efeageom><esritopo Sync="TRUE">FALSE</esritopo><efeacnt Sync="TRUE">0</efeacnt><spindex Sync="TRUE">FALSE</spindex><linrefer Sync="TRUE">TRUE</linrefer></esriterm></ptvctinf></spdoinfo><eainfo><detailed Name="centerPoint5"><enttyp><enttypl Sync="TRUE">centerPoint5</enttypl><enttypt Sync="TRUE">Feature Class</enttypt><enttypc Sync="TRUE">0</enttypc></enttyp><attr><attrlabl Sync="TRUE">FID</attrlabl><attalias Sync="TRUE">FID</attalias><attrtype Sync="TRUE">OID</attrtype><attwidth Sync="TRUE">4</attwidth><atprecis Sync="TRUE">0</atprecis><attscale Sync="TRUE">0</attscale><attrdef Sync="TRUE">Internal feature number.</attrdef><attrdefs Sync="TRUE">Esri</attrdefs><attrdomv><udom Sync="TRUE">Sequential unique whole numbers that are automatically generated.</udom></attrdomv></attr><attr><attrlabl Sync="TRUE">Shape</attrlabl><attalias Sync="TRUE">Shape</attalias><attrtype Sync="TRUE">Geometry</attrtype><attwidth Sync="TRUE">0</attwidth><atprecis Sync="TRUE">0</atprecis><attscale Sync="TRUE">0</attscale><attrdef Sync="TRUE">Feature geometry.</attrdef><attrdefs Sync="TRUE">Esri</attrdefs><attrdomv><udom Sync="TRUE">Coordinates defining the features.</udom></attrdomv></attr><attr><attrlabl Sync="TRUE">Id</attrlabl><attalias Sync="TRUE">Id</attalias><attrtype Sync="TRUE">Integer</attrtype><attwidth Sync="TRUE">6</attwidth><atprecis Sync="TRUE">6</atprecis><attscale Sync="TRUE">0</attscale></attr><attr><attrlabl Sync="TRUE">Input_FID</attrlabl><attalias Sync="TRUE">Input_FID</attalias><attrtype Sync="TRUE">Integer</attrtype><attwidth Sync="TRUE">9</attwidth><atprecis Sync="TRUE">9</atprecis><attscale Sync="TRUE">0</attscale></attr><attr><attrlabl Sync="TRUE">PRMix2</attrlabl><attalias Sync="TRUE">PRMix2</attalias><attrtype Sync="TRUE">Double</attrtype><attwidth Sync="TRUE">19</attwidth><atprecis Sync="TRUE">0</atprecis><attscale Sync="TRUE">0</attscale></attr><attr><attrlabl Sync="TRUE">level</attrlabl><attalias Sync="TRUE">level</attalias><attrtype Sync="TRUE">SmallInteger</attrtype><attwidth Sync="TRUE">4</attwidth><atprecis Sync="TRUE">4</atprecis><attscale Sync="TRUE">0</attscale></attr><attr><attrlabl Sync="TRUE">ORIG_FID</attrlabl><attalias Sync="TRUE">ORIG_FID</attalias><attrtype Sync="TRUE">Integer</attrtype><attwidth Sync="TRUE">9</attwidth><atprecis Sync="TRUE">9</atprecis><attscale Sync="TRUE">0</attscale></attr></detailed></eainfo><mdDateSt Sync="TRUE">20160825</mdDateSt></metadata>
